latitude,longitude,name,url
51.516757723267,-0.11764546696258,Sir John Soane's Museum,https://www.instagram.com/p/BbCauVYH9z_JRVOowqPYFs7f4TTsVpaHIlft0E0/
51.496026579616,-0.1763391494751,"Natural History Museum, London",https://www.instagram.com/p/BbCYnygH0bvYLsNatcd7XNdvasBbqmy9zhhR0c0/
51.5007292,-0.12462540000001,Big Ben,https://www.instagram.com/p/BbCYfdanIbDWOvsTcvTVQLbOcle6awzOImEsPc0/
51.479150229605,-0.0025134643241376,Greenwich Park,https://www.instagram.com/p/BbCYcbPnvg4TiPJVxzoTJKFTOYGP1VPrF7g_Ho0/
51.508390347704,-0.077258839868228,Tower of London,https://www.instagram.com/p/Ba9b45_Hdh3f52Qj4pdsU2uqO5gagRGx6AQ4W80/
51.5096,-0.2043,Notting Hill,https://www.instagram.com/p/Ba850b7nGh17qPWorrg6L_AdWrD3bK3z7p1NaM0/
51.500978024414,-0.19169384847154,The Roof Gardens,https://www.instagram.com/p/Ba85lVOHFgnNxZozRkfgTBsCW8COQf2ncO-u0E0/
51.5057,-0.2142,"Royal Crescent, London",https://www.instagram.com/p/Ba85WsVnt1sqv-YnT5uxZXWDlwNsB4dJx7ruWc0/
51.52048,-0.1519,Daunt Books,https://www.instagram.com/p/Ba85MkcHdOoTz4Mqbyvlh_mEpUYddAD2dp1pR00/
51.514451416039,-0.12640564481447,"Neal's Yard, Covent Garden",https://www.instagram.com/p/Ba85Iw2Hr1eVLBi5H1HSQY77Ul2EDvwXEGDStw0/
51.5396,-0.1608,Primrose Hill,https://www.instagram.com/p/Ba84-linWBWU3nlNzUtFWPpBA4H57qea2odtlQ0/
51.530244739643,-0.10848519752188,Myddelton Square,https://www.instagram.com/p/Ba841zTHI5PQ1v1vpMVZYA4XhXDkXqOxeDM9Wk0/
51.52406935,-0.13015923,Ginger Jules,https://www.instagram.com/p/Ba84qmVHiIvwyqGHOTUmWowhxS98YYU3nmzgIo0/
51.509444444444,-0.15055555555556,Mount Street Gardens,https://www.instagram.com/p/Ba84e_PnrYo_JlDdwh7dCW_HP7F2pbThj0am7U0/
51.523333333333,-0.15833333333333,Baker Street 221 B,https://www.instagram.com/p/BawKBNXnHqUQnPGtRWVMWGz8iNU4IWiP3BS8R80/
51.499740468363,-0.12828506977406,Westminster Abbey,https://www.instagram.com/p/BawJuYVnhuCX_xyuf966iIpPaLrGuqbDCTagrU0/
